pharmacy_id,med_code,date,units_sold
101,1001,2025-09-16,0
101,1002,2025-09-16,21
101,1003,2025-09-16,42
101,1004,2025-09-16,43
101,1005,2025-09-16,24
101,1006,2025-09-16,12
101,1007,2025-09-16,43
101,1008,2025-09-16,0
101,1009,2025-09-16,0
101,1010,2025-09-16,40
102,1001,2025-09-16,29
102,1002,2025-09-16,4
102,1003,2025-09-16,9
102,1004,2025-09-16,0
102,1005,2025-09-16,0
102,1006,2025-09-16,2
102,1007,2025-09-16,12
102,1008,2025-09-16,0
102,1009,2025-09-16,25
102,1010,2025-09-16,46
103,1001,2025-09-16,19
103,1002,2025-09-16,23
103,1003,2025-09-16,0
103,1004,2025-09-16,0
103,1005,2025-09-16,33
103,1006,2025-09-16,26
103,1007,2025-09-16,0
103,1008,2025-09-16,37
103,1009,2025-09-16,35
103,1010,2025-09-16,15
104,1001,2025-09-16,21
104,1002,2025-09-16,0
104,1003,2025-09-16,0
104,1004,2025-09-16,50
104,1005,2025-09-16,0
104,1006,2025-09-16,45
104,1007,2025-09-16,43
104,1008,2025-09-16,39
104,1009,2025-09-16,36
104,1010,2025-09-16,47
105,1001,2025-09-16,0
105,1002,2025-09-16,3
105,1003,2025-09-16,33
105,1004,2025-09-16,0
105,1005,2025-09-16,0
105,1006,2025-09-16,0
105,1007,2025-09-16,0
105,1008,2025-09-16,18
105,1009,2025-09-16,0
105,1010,2025-09-16,15
101,1001,2025-09-15,0
101,1002,2025-09-15,0
101,1003,2025-09-15,0
101,1004,2025-09-15,45
101,1005,2025-09-15,21
101,1006,2025-09-15,0
101,1007,2025-09-15,16
101,1008,2025-09-15,13
101,1009,2025-09-15,1
101,1010,2025-09-15,17
102,1001,2025-09-15,4
102,1002,2025-09-15,42
102,1003,2025-09-15,16
102,1004,2025-09-15,34
102,1005,2025-09-15,40
102,1006,2025-09-15,24
102,1007,2025-09-15,42
102,1008,2025-09-15,9
102,1009,2025-09-15,28
102,1010,2025-09-15,21
103,1001,2025-09-15,26
103,1002,2025-09-15,0
103,1003,2025-09-15,15
103,1004,2025-09-15,24
103,1005,2025-09-15,29
103,1006,2025-09-15,29
103,1007,2025-09-15,1
103,1008,2025-09-15,37
103,1009,2025-09-15,27
103,1010,2025-09-15,1
104,1001,2025-09-15,6
104,1002,2025-09-15,4
104,1003,2025-09-15,2
104,1004,2025-09-15,48
104,1005,2025-09-15,15
104,1006,2025-09-15,0
104,1007,2025-09-15,12
104,1008,2025-09-15,25
104,1009,2025-09-15,50
104,1010,2025-09-15,0
105,1001,2025-09-15,37
105,1002,2025-09-15,0
105,1003,2025-09-15,0
105,1004,2025-09-15,38
105,1005,2025-09-15,50
105,1006,2025-09-15,37
105,1007,2025-09-15,0
105,1008,2025-09-15,5
105,1009,2025-09-15,44
105,1010,2025-09-15,13
101,1001,2025-09-14,0
101,1002,2025-09-14,19
101,1003,2025-09-14,0
101,1004,2025-09-14,29
101,1005,2025-09-14,25
101,1006,2025-09-14,29
101,1007,2025-09-14,0
101,1008,2025-09-14,38
101,1009,2025-09-14,39
101,1010,2025-09-14,41
102,1001,2025-09-14,42
102,1002,2025-09-14,26
102,1003,2025-09-14,0
102,1004,2025-09-14,44
102,1005,2025-09-14,34
102,1006,2025-09-14,16
102,1007,2025-09-14,0
102,1008,2025-09-14,0
102,1009,2025-09-14,26
102,1010,2025-09-14,3
103,1001,2025-09-14,36
103,1002,2025-09-14,29
103,1003,2025-09-14,41
103,1004,2025-09-14,0
103,1005,2025-09-14,25
103,1006,2025-09-14,40
103,1007,2025-09-14,30
103,1008,2025-09-14,47
103,1009,2025-09-14,0
103,1010,2025-09-14,25
104,1001,2025-09-14,0
104,1002,2025-09-14,46
104,1003,2025-09-14,25
104,1004,2025-09-14,0
104,1005,2025-09-14,27
104,1006,2025-09-14,0
104,1007,2025-09-14,8
104,1008,2025-09-14,17
104,1009,2025-09-14,0
104,1010,2025-09-14,17
105,1001,2025-09-14,47
105,1002,2025-09-14,0
105,1003,2025-09-14,47
105,1004,2025-09-14,50
105,1005,2025-09-14,0
105,1006,2025-09-14,1
105,1007,2025-09-14,18
105,1008,2025-09-14,31
105,1009,2025-09-14,14
105,1010,2025-09-14,0
101,1001,2025-09-13,13
101,1002,2025-09-13,23
101,1003,2025-09-13,29
101,1004,2025-09-13,11
101,1005,2025-09-13,20
101,1006,2025-09-13,24
101,1007,2025-09-13,1
101,1008,2025-09-13,2
101,1009,2025-09-13,10
101,1010,2025-09-13,39
102,1001,2025-09-13,2
102,1002,2025-09-13,43
102,1003,2025-09-13,0
102,1004,2025-09-13,39
102,1005,2025-09-13,0
102,1006,2025-09-13,10
102,1007,2025-09-13,16
102,1008,2025-09-13,10
102,1009,2025-09-13,0
102,1010,2025-09-13,29
103,1001,2025-09-13,0
103,1002,2025-09-13,7
103,1003,2025-09-13,0
103,1004,2025-09-13,26
103,1005,2025-09-13,0
103,1006,2025-09-13,0
103,1007,2025-09-13,0
103,1008,2025-09-13,37
103,1009,2025-09-13,0
103,1010,2025-09-13,33
104,1001,2025-09-13,27
104,1002,2025-09-13,47
104,1003,2025-09-13,0
104,1004,2025-09-13,33
104,1005,2025-09-13,27
104,1006,2025-09-13,50
104,1007,2025-09-13,24
104,1008,2025-09-13,0
104,1009,2025-09-13,31
104,1010,2025-09-13,0
105,1001,2025-09-13,0
105,1002,2025-09-13,7
105,1003,2025-09-13,46
105,1004,2025-09-13,36
105,1005,2025-09-13,22
105,1006,2025-09-13,31
105,1007,2025-09-13,2
105,1008,2025-09-13,37
105,1009,2025-09-13,34
105,1010,2025-09-13,0
101,1001,2025-09-12,31
101,1002,2025-09-12,11
101,1003,2025-09-12,47
101,1004,2025-09-12,4
101,1005,2025-09-12,0
101,1006,2025-09-12,46
101,1007,2025-09-12,0
101,1008,2025-09-12,9
101,1009,2025-09-12,0
101,1010,2025-09-12,13
102,1001,2025-09-12,0
102,1002,2025-09-12,47
102,1003,2025-09-12,31
102,1004,2025-09-12,0
102,1005,2025-09-12,8
102,1006,2025-09-12,27
102,1007,2025-09-12,44
102,1008,2025-09-12,2
102,1009,2025-09-12,0
102,1010,2025-09-12,5
103,1001,2025-09-12,14
103,1002,2025-09-12,12
103,1003,2025-09-12,45
103,1004,2025-09-12,0
103,1005,2025-09-12,29
103,1006,2025-09-12,0
103,1007,2025-09-12,0
103,1008,2025-09-12,0
103,1009,2025-09-12,37
103,1010,2025-09-12,33
104,1001,2025-09-12,0
104,1002,2025-09-12,0
104,1003,2025-09-12,48
104,1004,2025-09-12,0
104,1005,2025-09-12,0
104,1006,2025-09-12,17
104,1007,2025-09-12,0
104,1008,2025-09-12,0
104,1009,2025-09-12,33
104,1010,2025-09-12,21
105,1001,2025-09-12,12
105,1002,2025-09-12,11
105,1003,2025-09-12,26
105,1004,2025-09-12,26
105,1005,2025-09-12,0
105,1006,2025-09-12,30
105,1007,2025-09-12,49
105,1008,2025-09-12,9
105,1009,2025-09-12,22
105,1010,2025-09-12,43
101,1001,2025-09-11,9
101,1002,2025-09-11,0
101,1003,2025-09-11,0
101,1004,2025-09-11,3
101,1005,2025-09-11,0
101,1006,2025-09-11,46
101,1007,2025-09-11,24
101,1008,2025-09-11,36
101,1009,2025-09-11,37
101,1010,2025-09-11,35
102,1001,2025-09-11,49
102,1002,2025-09-11,27
102,1003,2025-09-11,0
102,1004,2025-09-11,43
102,1005,2025-09-11,0
102,1006,2025-09-11,0
102,1007,2025-09-11,31
102,1008,2025-09-11,31
102,1009,2025-09-11,31
102,1010,2025-09-11,0
103,1001,2025-09-11,33
103,1002,2025-09-11,0
103,1003,2025-09-11,2
103,1004,2025-09-11,10
103,1005,2025-09-11,42
103,1006,2025-09-11,0
103,1007,2025-09-11,43
103,1008,2025-09-11,0
103,1009,2025-09-11,0
103,1010,2025-09-11,42
104,1001,2025-09-11,0
104,1002,2025-09-11,0
104,1003,2025-09-11,11
104,1004,2025-09-11,8
104,1005,2025-09-11,0
104,1006,2025-09-11,30
104,1007,2025-09-11,0
104,1008,2025-09-11,14
104,1009,2025-09-11,0
104,1010,2025-09-11,9
105,1001,2025-09-11,24
105,1002,2025-09-11,8
105,1003,2025-09-11,24
105,1004,2025-09-11,18
105,1005,2025-09-11,20
105,1006,2025-09-11,0
105,1007,2025-09-11,13
105,1008,2025-09-11,14
105,1009,2025-09-11,0
105,1010,2025-09-11,39
101,1001,2025-09-10,25
101,1002,2025-09-10,6
101,1003,2025-09-10,23
101,1004,2025-09-10,35
101,1005,2025-09-10,0
101,1006,2025-09-10,30
101,1007,2025-09-10,39
101,1008,2025-09-10,41
101,1009,2025-09-10,9
101,1010,2025-09-10,0
102,1001,2025-09-10,0
102,1002,2025-09-10,39
102,1003,2025-09-10,20
102,1004,2025-09-10,33
102,1005,2025-09-10,30
102,1006,2025-09-10,6
102,1007,2025-09-10,19
102,1008,2025-09-10,0
102,1009,2025-09-10,17
102,1010,2025-09-10,42
103,1001,2025-09-10,0
103,1002,2025-09-10,10
103,1003,2025-09-10,24
103,1004,2025-09-10,42
103,1005,2025-09-10,0
103,1006,2025-09-10,37
103,1007,2025-09-10,42
103,1008,2025-09-10,15
103,1009,2025-09-10,0
103,1010,2025-09-10,33
104,1001,2025-09-10,24
104,1002,2025-09-10,37
104,1003,2025-09-10,24
104,1004,2025-09-10,15
104,1005,2025-09-10,41
104,1006,2025-09-10,42
104,1007,2025-09-10,0
104,1008,2025-09-10,2
104,1009,2025-09-10,0
104,1010,2025-09-10,20
105,1001,2025-09-10,14
105,1002,2025-09-10,38
105,1003,2025-09-10,16
105,1004,2025-09-10,32
105,1005,2025-09-10,26
105,1006,2025-09-10,0
105,1007,2025-09-10,13
105,1008,2025-09-10,25
105,1009,2025-09-10,0
105,1010,2025-09-10,0
101,1001,2025-09-09,50
101,1002,2025-09-09,16
101,1003,2025-09-09,40
101,1004,2025-09-09,0
101,1005,2025-09-09,28
101,1006,2025-09-09,9
101,1007,2025-09-09,0
101,1008,2025-09-09,0
101,1009,2025-09-09,11
101,1010,2025-09-09,44
102,1001,2025-09-09,35
102,1002,2025-09-09,18
102,1003,2025-09-09,0
102,1004,2025-09-09,39
102,1005,2025-09-09,19
102,1006,2025-09-09,38
102,1007,2025-09-09,38
102,1008,2025-09-09,11
102,1009,2025-09-09,50
102,1010,2025-09-09,0
103,1001,2025-09-09,0
103,1002,2025-09-09,0
103,1003,2025-09-09,15
103,1004,2025-09-09,31
103,1005,2025-09-09,28
103,1006,2025-09-09,26
103,1007,2025-09-09,17
103,1008,2025-09-09,0
103,1009,2025-09-09,24
103,1010,2025-09-09,0
104,1001,2025-09-09,0
104,1002,2025-09-09,0
104,1003,2025-09-09,47
104,1004,2025-09-09,30
104,1005,2025-09-09,31
104,1006,2025-09-09,29
104,1007,2025-09-09,3
104,1008,2025-09-09,48
104,1009,2025-09-09,2
104,1010,2025-09-09,37
105,1001,2025-09-09,2
105,1002,2025-09-09,27
105,1003,2025-09-09,2
105,1004,2025-09-09,31
105,1005,2025-09-09,0
105,1006,2025-09-09,39
105,1007,2025-09-09,35
105,1008,2025-09-09,6
105,1009,2025-09-09,34
105,1010,2025-09-09,0
101,1001,2025-09-08,11
101,1002,2025-09-08,46
101,1003,2025-09-08,50
101,1004,2025-09-08,4
101,1005,2025-09-08,24
101,1006,2025-09-08,0
101,1007,2025-09-08,0
101,1008,2025-09-08,0
101,1009,2025-09-08,0
101,1010,2025-09-08,39
102,1001,2025-09-08,30
102,1002,2025-09-08,0
102,1003,2025-09-08,20
102,1004,2025-09-08,0
102,1005,2025-09-08,29
102,1006,2025-09-08,15
102,1007,2025-09-08,19
102,1008,2025-09-08,0
102,1009,2025-09-08,0
102,1010,2025-09-08,0
103,1001,2025-09-08,26
103,1002,2025-09-08,0
103,1003,2025-09-08,30
103,1004,2025-09-08,33
103,1005,2025-09-08,0
103,1006,2025-09-08,0
103,1007,2025-09-08,50
103,1008,2025-09-08,44
103,1009,2025-09-08,17
103,1010,2025-09-08,18
104,1001,2025-09-08,3
104,1002,2025-09-08,10
104,1003,2025-09-08,16
104,1004,2025-09-08,29
104,1005,2025-09-08,0
104,1006,2025-09-08,0
104,1007,2025-09-08,6
104,1008,2025-09-08,0
104,1009,2025-09-08,6
104,1010,2025-09-08,45
105,1001,2025-09-08,0
105,1002,2025-09-08,50
105,1003,2025-09-08,14
105,1004,2025-09-08,19
105,1005,2025-09-08,38
105,1006,2025-09-08,44
105,1007,2025-09-08,0
105,1008,2025-09-08,10
105,1009,2025-09-08,4
105,1010,2025-09-08,0
101,1001,2025-09-07,0
101,1002,2025-09-07,30
101,1003,2025-09-07,8
101,1004,2025-09-07,16
101,1005,2025-09-07,46
101,1006,2025-09-07,0
101,1007,2025-09-07,2
101,1008,2025-09-07,45
101,1009,2025-09-07,36
101,1010,2025-09-07,15
102,1001,2025-09-07,2
102,1002,2025-09-07,10
102,1003,2025-09-07,11
102,1004,2025-09-07,18
102,1005,2025-09-07,49
102,1006,2025-09-07,14
102,1007,2025-09-07,0
102,1008,2025-09-07,6
102,1009,2025-09-07,27
102,1010,2025-09-07,30
103,1001,2025-09-07,27
103,1002,2025-09-07,0
103,1003,2025-09-07,33
103,1004,2025-09-07,30
103,1005,2025-09-07,32
103,1006,2025-09-07,22
103,1007,2025-09-07,32
103,1008,2025-09-07,45
103,1009,2025-09-07,0
103,1010,2025-09-07,21
104,1001,2025-09-07,16
104,1002,2025-09-07,44
104,1003,2025-09-07,3
104,1004,2025-09-07,21
104,1005,2025-09-07,21
104,1006,2025-09-07,0
104,1007,2025-09-07,3
104,1008,2025-09-07,21
104,1009,2025-09-07,0
104,1010,2025-09-07,15
105,1001,2025-09-07,7
105,1002,2025-09-07,0
105,1003,2025-09-07,23
105,1004,2025-09-07,26
105,1005,2025-09-07,42
105,1006,2025-09-07,14
105,1007,2025-09-07,0
105,1008,2025-09-07,48
105,1009,2025-09-07,23
105,1010,2025-09-07,6
101,1001,2025-09-06,26
101,1002,2025-09-06,25
101,1003,2025-09-06,0
101,1004,2025-09-06,14
101,1005,2025-09-06,4
101,1006,2025-09-06,9
101,1007,2025-09-06,0
101,1008,2025-09-06,11
101,1009,2025-09-06,44
101,1010,2025-09-06,41
102,1001,2025-09-06,40
102,1002,2025-09-06,45
102,1003,2025-09-06,30
102,1004,2025-09-06,2
102,1005,2025-09-06,30
102,1006,2025-09-06,38
102,1007,2025-09-06,16
102,1008,2025-09-06,13
102,1009,2025-09-06,0
102,1010,2025-09-06,0
103,1001,2025-09-06,0
103,1002,2025-09-06,12
103,1003,2025-09-06,18
103,1004,2025-09-06,21
103,1005,2025-09-06,38
103,1006,2025-09-06,8
103,1007,2025-09-06,31
103,1008,2025-09-06,0
103,1009,2025-09-06,42
103,1010,2025-09-06,11
104,1001,2025-09-06,31
104,1002,2025-09-06,0
104,1003,2025-09-06,11
104,1004,2025-09-06,16
104,1005,2025-09-06,40
104,1006,2025-09-06,47
104,1007,2025-09-06,5
104,1008,2025-09-06,27
104,1009,2025-09-06,35
104,1010,2025-09-06,25
105,1001,2025-09-06,5
105,1002,2025-09-06,0
105,1003,2025-09-06,41
105,1004,2025-09-06,50
105,1005,2025-09-06,22
105,1006,2025-09-06,0
105,1007,2025-09-06,19
105,1008,2025-09-06,20
105,1009,2025-09-06,46
105,1010,2025-09-06,50
101,1001,2025-09-05,17
101,1002,2025-09-05,6
101,1003,2025-09-05,0
101,1004,2025-09-05,0
101,1005,2025-09-05,0
101,1006,2025-09-05,45
101,1007,2025-09-05,0
101,1008,2025-09-05,11
101,1009,2025-09-05,15
101,1010,2025-09-05,17
102,1001,2025-09-05,20
102,1002,2025-09-05,11
102,1003,2025-09-05,43
102,1004,2025-09-05,30
102,1005,2025-09-05,37
102,1006,2025-09-05,27
102,1007,2025-09-05,0
102,1008,2025-09-05,50
102,1009,2025-09-05,0
102,1010,2025-09-05,28
103,1001,2025-09-05,45
103,1002,2025-09-05,0
103,1003,2025-09-05,0
103,1004,2025-09-05,25
103,1005,2025-09-05,40
103,1006,2025-09-05,19
103,1007,2025-09-05,0
103,1008,2025-09-05,2
103,1009,2025-09-05,0
103,1010,2025-09-05,9
104,1001,2025-09-05,24
104,1002,2025-09-05,27
104,1003,2025-09-05,0
104,1004,2025-09-05,48
104,1005,2025-09-05,5
104,1006,2025-09-05,39
104,1007,2025-09-05,0
104,1008,2025-09-05,35
104,1009,2025-09-05,10
104,1010,2025-09-05,4
105,1001,2025-09-05,8
105,1002,2025-09-05,3
105,1003,2025-09-05,0
105,1004,2025-09-05,23
105,1005,2025-09-05,23
105,1006,2025-09-05,47
105,1007,2025-09-05,4
105,1008,2025-09-05,9
105,1009,2025-09-05,37
105,1010,2025-09-05,12
101,1001,2025-09-04,31
101,1002,2025-09-04,0
101,1003,2025-09-04,20
101,1004,2025-09-04,2
101,1005,2025-09-04,26
101,1006,2025-09-04,17
101,1007,2025-09-04,12
101,1008,2025-09-04,5
101,1009,2025-09-04,23
101,1010,2025-09-04,2
102,1001,2025-09-04,0
102,1002,2025-09-04,17
102,1003,2025-09-04,43
102,1004,2025-09-04,30
102,1005,2025-09-04,2
102,1006,2025-09-04,48
102,1007,2025-09-04,33
102,1008,2025-09-04,25
102,1009,2025-09-04,16
102,1010,2025-09-04,40
103,1001,2025-09-04,0
103,1002,2025-09-04,31
103,1003,2025-09-04,3
103,1004,2025-09-04,48
103,1005,2025-09-04,42
103,1006,2025-09-04,0
103,1007,2025-09-04,31
103,1008,2025-09-04,7
103,1009,2025-09-04,44
103,1010,2025-09-04,19
104,1001,2025-09-04,23
104,1002,2025-09-04,0
104,1003,2025-09-04,45
104,1004,2025-09-04,0
104,1005,2025-09-04,1
104,1006,2025-09-04,16
104,1007,2025-09-04,37
104,1008,2025-09-04,24
104,1009,2025-09-04,24
104,1010,2025-09-04,40
105,1001,2025-09-04,0
105,1002,2025-09-04,33
105,1003,2025-09-04,27
105,1004,2025-09-04,7
105,1005,2025-09-04,4
105,1006,2025-09-04,0
105,1007,2025-09-04,15
105,1008,2025-09-04,10
105,1009,2025-09-04,39
105,1010,2025-09-04,37
101,1001,2025-09-03,0
101,1002,2025-09-03,0
101,1003,2025-09-03,49
101,1004,2025-09-03,15
101,1005,2025-09-03,12
101,1006,2025-09-03,0
101,1007,2025-09-03,11
101,1008,2025-09-03,37
101,1009,2025-09-03,1
101,1010,2025-09-03,39
102,1001,2025-09-03,8
102,1002,2025-09-03,18
102,1003,2025-09-03,0
102,1004,2025-09-03,13
102,1005,2025-09-03,25
102,1006,2025-09-03,0
102,1007,2025-09-03,41
102,1008,2025-09-03,0
102,1009,2025-09-03,49
102,1010,2025-09-03,0
103,1001,2025-09-03,40
103,1002,2025-09-03,37
103,1003,2025-09-03,8
103,1004,2025-09-03,16
103,1005,2025-09-03,28
103,1006,2025-09-03,20
103,1007,2025-09-03,0
103,1008,2025-09-03,0
103,1009,2025-09-03,6
103,1010,2025-09-03,0
104,1001,2025-09-03,0
104,1002,2025-09-03,33
104,1003,2025-09-03,2
104,1004,2025-09-03,26
104,1005,2025-09-03,41
104,1006,2025-09-03,48
104,1007,2025-09-03,10
104,1008,2025-09-03,12
104,1009,2025-09-03,10
104,1010,2025-09-03,0
105,1001,2025-09-03,35
105,1002,2025-09-03,9
105,1003,2025-09-03,1
105,1004,2025-09-03,38
105,1005,2025-09-03,38
105,1006,2025-09-03,26
105,1007,2025-09-03,27
105,1008,2025-09-03,26
105,1009,2025-09-03,5
105,1010,2025-09-03,44
101,1001,2025-09-02,0
101,1002,2025-09-02,0
101,1003,2025-09-02,0
101,1004,2025-09-02,0
101,1005,2025-09-02,0
101,1006,2025-09-02,27
101,1007,2025-09-02,28
101,1008,2025-09-02,0
101,1009,2025-09-02,0
101,1010,2025-09-02,15
102,1001,2025-09-02,4
102,1002,2025-09-02,31
102,1003,2025-09-02,6
102,1004,2025-09-02,1
102,1005,2025-09-02,16
102,1006,2025-09-02,0
102,1007,2025-09-02,40
102,1008,2025-09-02,0
102,1009,2025-09-02,2
102,1010,2025-09-02,22
103,1001,2025-09-02,10
103,1002,2025-09-02,0
103,1003,2025-09-02,0
103,1004,2025-09-02,23
103,1005,2025-09-02,16
103,1006,2025-09-02,0
103,1007,2025-09-02,0
103,1008,2025-09-02,13
103,1009,2025-09-02,4
103,1010,2025-09-02,7
104,1001,2025-09-02,9
104,1002,2025-09-02,20
104,1003,2025-09-02,40
104,1004,2025-09-02,25
104,1005,2025-09-02,44
104,1006,2025-09-02,5
104,1007,2025-09-02,0
104,1008,2025-09-02,2
104,1009,2025-09-02,4
104,1010,2025-09-02,36
105,1001,2025-09-02,0
105,1002,2025-09-02,0
105,1003,2025-09-02,0
105,1004,2025-09-02,34
105,1005,2025-09-02,0
105,1006,2025-09-02,0
105,1007,2025-09-02,22
105,1008,2025-09-02,44
105,1009,2025-09-02,0
105,1010,2025-09-02,5
101,1001,2025-09-01,39
101,1002,2025-09-01,14
101,1003,2025-09-01,0
101,1004,2025-09-01,24
101,1005,2025-09-01,44
101,1006,2025-09-01,0
101,1007,2025-09-01,0
101,1008,2025-09-01,46
101,1009,2025-09-01,21
101,1010,2025-09-01,44
102,1001,2025-09-01,0
102,1002,2025-09-01,27
102,1003,2025-09-01,0
102,1004,2025-09-01,0
102,1005,2025-09-01,0
102,1006,2025-09-01,30
102,1007,2025-09-01,0
102,1008,2025-09-01,8
102,1009,2025-09-01,41
102,1010,2025-09-01,10
103,1001,2025-09-01,4
103,1002,2025-09-01,22
103,1003,2025-09-01,9
103,1004,2025-09-01,35
103,1005,2025-09-01,0
103,1006,2025-09-01,16
103,1007,2025-09-01,0
103,1008,2025-09-01,21
103,1009,2025-09-01,7
103,1010,2025-09-01,26
104,1001,2025-09-01,13
104,1002,2025-09-01,2
104,1003,2025-09-01,1
104,1004,2025-09-01,47
104,1005,2025-09-01,0
104,1006,2025-09-01,34
104,1007,2025-09-01,0
104,1008,2025-09-01,30
104,1009,2025-09-01,18
104,1010,2025-09-01,16
105,1001,2025-09-01,37
105,1002,2025-09-01,10
105,1003,2025-09-01,0
105,1004,2025-09-01,9
105,1005,2025-09-01,36
105,1006,2025-09-01,0
105,1007,2025-09-01,24
105,1008,2025-09-01,0
105,1009,2025-09-01,8
105,1010,2025-09-01,0
101,1001,2025-08-31,4
101,1002,2025-08-31,0
101,1003,2025-08-31,13
101,1004,2025-08-31,0
101,1005,2025-08-31,13
101,1006,2025-08-31,32
101,1007,2025-08-31,0
101,1008,2025-08-31,3
101,1009,2025-08-31,26
101,1010,2025-08-31,36
102,1001,2025-08-31,0
102,1002,2025-08-31,21
102,1003,2025-08-31,0
102,1004,2025-08-31,0
102,1005,2025-08-31,17
102,1006,2025-08-31,28
102,1007,2025-08-31,17
102,1008,2025-08-31,13
102,1009,2025-08-31,47
102,1010,2025-08-31,17
103,1001,2025-08-31,45
103,1002,2025-08-31,29
103,1003,2025-08-31,23
103,1004,2025-08-31,12
103,1005,2025-08-31,4
103,1006,2025-08-31,10
103,1007,2025-08-31,19
103,1008,2025-08-31,0
103,1009,2025-08-31,31
103,1010,2025-08-31,47
104,1001,2025-08-31,22
104,1002,2025-08-31,0
104,1003,2025-08-31,33
104,1004,2025-08-31,26
104,1005,2025-08-31,35
104,1006,2025-08-31,0
104,1007,2025-08-31,21
104,1008,2025-08-31,40
104,1009,2025-08-31,0
104,1010,2025-08-31,0
105,1001,2025-08-31,0
105,1002,2025-08-31,1
105,1003,2025-08-31,48
105,1004,2025-08-31,0
105,1005,2025-08-31,6
105,1006,2025-08-31,7
105,1007,2025-08-31,0
105,1008,2025-08-31,10
105,1009,2025-08-31,34
105,1010,2025-08-31,17
101,1001,2025-08-30,49
101,1002,2025-08-30,0
101,1003,2025-08-30,26
101,1004,2025-08-30,35
101,1005,2025-08-30,0
101,1006,2025-08-30,20
101,1007,2025-08-30,18
101,1008,2025-08-30,2
101,1009,2025-08-30,0
101,1010,2025-08-30,15
102,1001,2025-08-30,0
102,1002,2025-08-30,23
102,1003,2025-08-30,9
102,1004,2025-08-30,34
102,1005,2025-08-30,0
102,1006,2025-08-30,34
102,1007,2025-08-30,0
102,1008,2025-08-30,0
102,1009,2025-08-30,0
102,1010,2025-08-30,27
103,1001,2025-08-30,0
103,1002,2025-08-30,0
103,1003,2025-08-30,14
103,1004,2025-08-30,0
103,1005,2025-08-30,50
103,1006,2025-08-30,50
103,1007,2025-08-30,29
103,1008,2025-08-30,6
103,1009,2025-08-30,0
103,1010,2025-08-30,41
104,1001,2025-08-30,50
104,1002,2025-08-30,34
104,1003,2025-08-30,40
104,1004,2025-08-30,11
104,1005,2025-08-30,0
104,1006,2025-08-30,0
104,1007,2025-08-30,27
104,1008,2025-08-30,14
104,1009,2025-08-30,24
104,1010,2025-08-30,45
105,1001,2025-08-30,28
105,1002,2025-08-30,34
105,1003,2025-08-30,2
105,1004,2025-08-30,38
105,1005,2025-08-30,10
105,1006,2025-08-30,0
105,1007,2025-08-30,8
105,1008,2025-08-30,18
105,1009,2025-08-30,40
105,1010,2025-08-30,22
101,1001,2025-08-29,10
101,1002,2025-08-29,25
101,1003,2025-08-29,13
101,1004,2025-08-29,16
101,1005,2025-08-29,32
101,1006,2025-08-29,0
101,1007,2025-08-29,30
101,1008,2025-08-29,10
101,1009,2025-08-29,0
101,1010,2025-08-29,9
102,1001,2025-08-29,42
102,1002,2025-08-29,32
102,1003,2025-08-29,0
102,1004,2025-08-29,18
102,1005,2025-08-29,23
102,1006,2025-08-29,9
102,1007,2025-08-29,0
102,1008,2025-08-29,0
102,1009,2025-08-29,9
102,1010,2025-08-29,33
103,1001,2025-08-29,0
103,1002,2025-08-29,42
103,1003,2025-08-29,24
103,1004,2025-08-29,0
103,1005,2025-08-29,0
103,1006,2025-08-29,14
103,1007,2025-08-29,35
103,1008,2025-08-29,0
103,1009,2025-08-29,2
103,1010,2025-08-29,5
104,1001,2025-08-29,12
104,1002,2025-08-29,0
104,1003,2025-08-29,29
104,1004,2025-08-29,17
104,1005,2025-08-29,0
104,1006,2025-08-29,39
104,1007,2025-08-29,39
104,1008,2025-08-29,18
104,1009,2025-08-29,0
104,1010,2025-08-29,28
105,1001,2025-08-29,7
105,1002,2025-08-29,15
105,1003,2025-08-29,24
105,1004,2025-08-29,0
105,1005,2025-08-29,0
105,1006,2025-08-29,33
105,1007,2025-08-29,0
105,1008,2025-08-29,32
105,1009,2025-08-29,28
105,1010,2025-08-29,36
101,1001,2025-08-28,0
101,1002,2025-08-28,26
101,1003,2025-08-28,36
101,1004,2025-08-28,12
101,1005,2025-08-28,17
101,1006,2025-08-28,20
101,1007,2025-08-28,0
101,1008,2025-08-28,35
101,1009,2025-08-28,0
101,1010,2025-08-28,9
102,1001,2025-08-28,0
102,1002,2025-08-28,0
102,1003,2025-08-28,0
102,1004,2025-08-28,35
102,1005,2025-08-28,0
102,1006,2025-08-28,41
102,1007,2025-08-28,0
102,1008,2025-08-28,0
102,1009,2025-08-28,35
102,1010,2025-08-28,22
103,1001,2025-08-28,4
103,1002,2025-08-28,0
103,1003,2025-08-28,41
103,1004,2025-08-28,20
103,1005,2025-08-28,47
103,1006,2025-08-28,14
103,1007,2025-08-28,0
103,1008,2025-08-28,21
103,1009,2025-08-28,0
103,1010,2025-08-28,35
104,1001,2025-08-28,17
104,1002,2025-08-28,26
104,1003,2025-08-28,4
104,1004,2025-08-28,17
104,1005,2025-08-28,31
104,1006,2025-08-28,0
104,1007,2025-08-28,0
104,1008,2025-08-28,15
104,1009,2025-08-28,35
104,1010,2025-08-28,33
105,1001,2025-08-28,33
105,1002,2025-08-28,19
105,1003,2025-08-28,23
105,1004,2025-08-28,0
105,1005,2025-08-28,3
105,1006,2025-08-28,0
105,1007,2025-08-28,8
105,1008,2025-08-28,22
105,1009,2025-08-28,2
105,1010,2025-08-28,29
101,1001,2025-08-27,39
101,1002,2025-08-27,33
101,1003,2025-08-27,27
101,1004,2025-08-27,0
101,1005,2025-08-27,0
101,1006,2025-08-27,40
101,1007,2025-08-27,33
101,1008,2025-08-27,31
101,1009,2025-08-27,0
101,1010,2025-08-27,26
102,1001,2025-08-27,14
102,1002,2025-08-27,3
102,1003,2025-08-27,43
102,1004,2025-08-27,0
102,1005,2025-08-27,0
102,1006,2025-08-27,49
102,1007,2025-08-27,25
102,1008,2025-08-27,44
102,1009,2025-08-27,10
102,1010,2025-08-27,28
103,1001,2025-08-27,0
103,1002,2025-08-27,0
103,1003,2025-08-27,16
103,1004,2025-08-27,11
103,1005,2025-08-27,0
103,1006,2025-08-27,6
103,1007,2025-08-27,13
103,1008,2025-08-27,7
103,1009,2025-08-27,0
103,1010,2025-08-27,11
104,1001,2025-08-27,7
104,1002,2025-08-27,31
104,1003,2025-08-27,0
104,1004,2025-08-27,3
104,1005,2025-08-27,48
104,1006,2025-08-27,0
104,1007,2025-08-27,24
104,1008,2025-08-27,2
104,1009,2025-08-27,0
104,1010,2025-08-27,28
105,1001,2025-08-27,5
105,1002,2025-08-27,9
105,1003,2025-08-27,0
105,1004,2025-08-27,0
105,1005,2025-08-27,5
105,1006,2025-08-27,16
105,1007,2025-08-27,0
105,1008,2025-08-27,0
105,1009,2025-08-27,40
105,1010,2025-08-27,0
101,1001,2025-08-26,48
101,1002,2025-08-26,18
101,1003,2025-08-26,27
101,1004,2025-08-26,17
101,1005,2025-08-26,0
101,1006,2025-08-26,43
101,1007,2025-08-26,20
101,1008,2025-08-26,20
101,1009,2025-08-26,13
101,1010,2025-08-26,32
102,1001,2025-08-26,0
102,1002,2025-08-26,6
102,1003,2025-08-26,0
102,1004,2025-08-26,0
102,1005,2025-08-26,28
102,1006,2025-08-26,10
102,1007,2025-08-26,0
102,1008,2025-08-26,15
102,1009,2025-08-26,37
102,1010,2025-08-26,13
103,1001,2025-08-26,20
103,1002,2025-08-26,0
103,1003,2025-08-26,0
103,1004,2025-08-26,0
103,1005,2025-08-26,0
103,1006,2025-08-26,0
103,1007,2025-08-26,7
103,1008,2025-08-26,40
103,1009,2025-08-26,18
103,1010,2025-08-26,24
104,1001,2025-08-26,23
104,1002,2025-08-26,46
104,1003,2025-08-26,0
104,1004,2025-08-26,0
104,1005,2025-08-26,0
104,1006,2025-08-26,1
104,1007,2025-08-26,0
104,1008,2025-08-26,50
104,1009,2025-08-26,0
104,1010,2025-08-26,0
105,1001,2025-08-26,0
105,1002,2025-08-26,32
105,1003,2025-08-26,0
105,1004,2025-08-26,20
105,1005,2025-08-26,9
105,1006,2025-08-26,0
105,1007,2025-08-26,14
105,1008,2025-08-26,17
105,1009,2025-08-26,0
105,1010,2025-08-26,5
101,1001,2025-08-25,21
101,1002,2025-08-25,39
101,1003,2025-08-25,0
101,1004,2025-08-25,38
101,1005,2025-08-25,0
101,1006,2025-08-25,38
101,1007,2025-08-25,18
101,1008,2025-08-25,0
101,1009,2025-08-25,3
101,1010,2025-08-25,15
102,1001,2025-08-25,36
102,1002,2025-08-25,42
102,1003,2025-08-25,4
102,1004,2025-08-25,13
102,1005,2025-08-25,0
102,1006,2025-08-25,24
102,1007,2025-08-25,42
102,1008,2025-08-25,22
102,1009,2025-08-25,0
102,1010,2025-08-25,25
103,1001,2025-08-25,38
103,1002,2025-08-25,30
103,1003,2025-08-25,0
103,1004,2025-08-25,10
103,1005,2025-08-25,30
103,1006,2025-08-25,0
103,1007,2025-08-25,29
103,1008,2025-08-25,49
103,1009,2025-08-25,7
103,1010,2025-08-25,7
104,1001,2025-08-25,0
104,1002,2025-08-25,4
104,1003,2025-08-25,7
104,1004,2025-08-25,46
104,1005,2025-08-25,35
104,1006,2025-08-25,35
104,1007,2025-08-25,0
104,1008,2025-08-25,0
104,1009,2025-08-25,0
104,1010,2025-08-25,42
105,1001,2025-08-25,0
105,1002,2025-08-25,0
105,1003,2025-08-25,46
105,1004,2025-08-25,0
105,1005,2025-08-25,33
105,1006,2025-08-25,0
105,1007,2025-08-25,24
105,1008,2025-08-25,41
105,1009,2025-08-25,31
105,1010,2025-08-25,0
101,1001,2025-08-24,11
101,1002,2025-08-24,16
101,1003,2025-08-24,10
101,1004,2025-08-24,0
101,1005,2025-08-24,42
101,1006,2025-08-24,0
101,1007,2025-08-24,12
101,1008,2025-08-24,9
101,1009,2025-08-24,38
101,1010,2025-08-24,15
102,1001,2025-08-24,34
102,1002,2025-08-24,0
102,1003,2025-08-24,0
102,1004,2025-08-24,0
102,1005,2025-08-24,29
102,1006,2025-08-24,25
102,1007,2025-08-24,0
102,1008,2025-08-24,0
102,1009,2025-08-24,42
102,1010,2025-08-24,21
103,1001,2025-08-24,10
103,1002,2025-08-24,9
103,1003,2025-08-24,37
103,1004,2025-08-24,45
103,1005,2025-08-24,40
103,1006,2025-08-24,48
103,1007,2025-08-24,22
103,1008,2025-08-24,0
103,1009,2025-08-24,2
103,1010,2025-08-24,14
104,1001,2025-08-24,27
104,1002,2025-08-24,30
104,1003,2025-08-24,2
104,1004,2025-08-24,26
104,1005,2025-08-24,1
104,1006,2025-08-24,16
104,1007,2025-08-24,6
104,1008,2025-08-24,0
104,1009,2025-08-24,28
104,1010,2025-08-24,16
105,1001,2025-08-24,7
105,1002,2025-08-24,28
105,1003,2025-08-24,20
105,1004,2025-08-24,7
105,1005,2025-08-24,0
105,1006,2025-08-24,0
105,1007,2025-08-24,10
105,1008,2025-08-24,4
105,1009,2025-08-24,37
105,1010,2025-08-24,34
101,1001,2025-08-23,42
101,1002,2025-08-23,26
101,1003,2025-08-23,0
101,1004,2025-08-23,23
101,1005,2025-08-23,0
101,1006,2025-08-23,0
101,1007,2025-08-23,33
101,1008,2025-08-23,41
101,1009,2025-08-23,0
101,1010,2025-08-23,0
102,1001,2025-08-23,0
102,1002,2025-08-23,28
102,1003,2025-08-23,47
102,1004,2025-08-23,48
102,1005,2025-08-23,11
102,1006,2025-08-23,7
102,1007,2025-08-23,26
102,1008,2025-08-23,46
102,1009,2025-08-23,8
102,1010,2025-08-23,14
103,1001,2025-08-23,0
103,1002,2025-08-23,30
103,1003,2025-08-23,8
103,1004,2025-08-23,0
103,1005,2025-08-23,45
103,1006,2025-08-23,27
103,1007,2025-08-23,32
103,1008,2025-08-23,4
103,1009,2025-08-23,44
103,1010,2025-08-23,0
104,1001,2025-08-23,3
104,1002,2025-08-23,28
104,1003,2025-08-23,0
104,1004,2025-08-23,12
104,1005,2025-08-23,18
104,1006,2025-08-23,0
104,1007,2025-08-23,0
104,1008,2025-08-23,12
104,1009,2025-08-23,0
104,1010,2025-08-23,21
105,1001,2025-08-23,0
105,1002,2025-08-23,23
105,1003,2025-08-23,0
105,1004,2025-08-23,38
105,1005,2025-08-23,6
105,1006,2025-08-23,24
105,1007,2025-08-23,2
105,1008,2025-08-23,0
105,1009,2025-08-23,31
105,1010,2025-08-23,29
101,1001,2025-08-22,45
101,1002,2025-08-22,44
101,1003,2025-08-22,0
101,1004,2025-08-22,0
101,1005,2025-08-22,14
101,1006,2025-08-22,13
101,1007,2025-08-22,0
101,1008,2025-08-22,40
101,1009,2025-08-22,20
101,1010,2025-08-22,0
102,1001,2025-08-22,0
102,1002,2025-08-22,40
102,1003,2025-08-22,28
102,1004,2025-08-22,27
102,1005,2025-08-22,46
102,1006,2025-08-22,2
102,1007,2025-08-22,27
102,1008,2025-08-22,6
102,1009,2025-08-22,0
102,1010,2025-08-22,44
103,1001,2025-08-22,14
103,1002,2025-08-22,0
103,1003,2025-08-22,20
103,1004,2025-08-22,8
103,1005,2025-08-22,35
103,1006,2025-08-22,0
103,1007,2025-08-22,16
103,1008,2025-08-22,22
103,1009,2025-08-22,14
103,1010,2025-08-22,21
104,1001,2025-08-22,0
104,1002,2025-08-22,8
104,1003,2025-08-22,1
104,1004,2025-08-22,0
104,1005,2025-08-22,0
104,1006,2025-08-22,14
104,1007,2025-08-22,42
104,1008,2025-08-22,0
104,1009,2025-08-22,44
104,1010,2025-08-22,0
105,1001,2025-08-22,45
105,1002,2025-08-22,0
105,1003,2025-08-22,11
105,1004,2025-08-22,34
105,1005,2025-08-22,38
105,1006,2025-08-22,5
105,1007,2025-08-22,8
105,1008,2025-08-22,16
105,1009,2025-08-22,0
105,1010,2025-08-22,33
101,1001,2025-08-21,0
101,1002,2025-08-21,33
101,1003,2025-08-21,0
101,1004,2025-08-21,30
101,1005,2025-08-21,25
101,1006,2025-08-21,0
101,1007,2025-08-21,0
101,1008,2025-08-21,37
101,1009,2025-08-21,19
101,1010,2025-08-21,0
102,1001,2025-08-21,2
102,1002,2025-08-21,29
102,1003,2025-08-21,22
102,1004,2025-08-21,0
102,1005,2025-08-21,38
102,1006,2025-08-21,35
102,1007,2025-08-21,0
102,1008,2025-08-21,0
102,1009,2025-08-21,0
102,1010,2025-08-21,49
103,1001,2025-08-21,2
103,1002,2025-08-21,0
103,1003,2025-08-21,0
103,1004,2025-08-21,24
103,1005,2025-08-21,0
103,1006,2025-08-21,6
103,1007,2025-08-21,18
103,1008,2025-08-21,0
103,1009,2025-08-21,29
103,1010,2025-08-21,0
104,1001,2025-08-21,14
104,1002,2025-08-21,38
104,1003,2025-08-21,1
104,1004,2025-08-21,0
104,1005,2025-08-21,0
104,1006,2025-08-21,6
104,1007,2025-08-21,35
104,1008,2025-08-21,27
104,1009,2025-08-21,0
104,1010,2025-08-21,41
105,1001,2025-08-21,7
105,1002,2025-08-21,31
105,1003,2025-08-21,34
105,1004,2025-08-21,25
105,1005,2025-08-21,32
105,1006,2025-08-21,29
105,1007,2025-08-21,11
105,1008,2025-08-21,42
105,1009,2025-08-21,0
105,1010,2025-08-21,0
101,1001,2025-08-20,15
101,1002,2025-08-20,0
101,1003,2025-08-20,38
101,1004,2025-08-20,13
101,1005,2025-08-20,31
101,1006,2025-08-20,0
101,1007,2025-08-20,26
101,1008,2025-08-20,50
101,1009,2025-08-20,0
101,1010,2025-08-20,0
102,1001,2025-08-20,32
102,1002,2025-08-20,0
102,1003,2025-08-20,21
102,1004,2025-08-20,0
102,1005,2025-08-20,50
102,1006,2025-08-20,0
102,1007,2025-08-20,45
102,1008,2025-08-20,43
102,1009,2025-08-20,17
102,1010,2025-08-20,25
103,1001,2025-08-20,39
103,1002,2025-08-20,0
103,1003,2025-08-20,5
103,1004,2025-08-20,16
103,1005,2025-08-20,11
103,1006,2025-08-20,0
103,1007,2025-08-20,6
103,1008,2025-08-20,0
103,1009,2025-08-20,0
103,1010,2025-08-20,0
104,1001,2025-08-20,0
104,1002,2025-08-20,18
104,1003,2025-08-20,46
104,1004,2025-08-20,35
104,1005,2025-08-20,21
104,1006,2025-08-20,14
104,1007,2025-08-20,11
104,1008,2025-08-20,0
104,1009,2025-08-20,12
104,1010,2025-08-20,40
105,1001,2025-08-20,0
105,1002,2025-08-20,20
105,1003,2025-08-20,21
105,1004,2025-08-20,17
105,1005,2025-08-20,0
105,1006,2025-08-20,0
105,1007,2025-08-20,20
105,1008,2025-08-20,15
105,1009,2025-08-20,19
105,1010,2025-08-20,14
101,1001,2025-08-19,20
101,1002,2025-08-19,33
101,1003,2025-08-19,22
101,1004,2025-08-19,43
101,1005,2025-08-19,46
101,1006,2025-08-19,0
101,1007,2025-08-19,0
101,1008,2025-08-19,17
101,1009,2025-08-19,31
101,1010,2025-08-19,15
102,1001,2025-08-19,18
102,1002,2025-08-19,0
102,1003,2025-08-19,2
102,1004,2025-08-19,38
102,1005,2025-08-19,0
102,1006,2025-08-19,41
102,1007,2025-08-19,9
102,1008,2025-08-19,0
102,1009,2025-08-19,37
102,1010,2025-08-19,37
103,1001,2025-08-19,0
103,1002,2025-08-19,35
103,1003,2025-08-19,0
103,1004,2025-08-19,0
103,1005,2025-08-19,12
103,1006,2025-08-19,0
103,1007,2025-08-19,12
103,1008,2025-08-19,27
103,1009,2025-08-19,0
103,1010,2025-08-19,48
104,1001,2025-08-19,0
104,1002,2025-08-19,18
104,1003,2025-08-19,6
104,1004,2025-08-19,0
104,1005,2025-08-19,9
104,1006,2025-08-19,0
104,1007,2025-08-19,0
104,1008,2025-08-19,0
104,1009,2025-08-19,18
104,1010,2025-08-19,25
105,1001,2025-08-19,3
105,1002,2025-08-19,0
105,1003,2025-08-19,41
105,1004,2025-08-19,18
105,1005,2025-08-19,0
105,1006,2025-08-19,0
105,1007,2025-08-19,39
105,1008,2025-08-19,0
105,1009,2025-08-19,36
105,1010,2025-08-19,28
101,1001,2025-08-18,0
101,1002,2025-08-18,0
101,1003,2025-08-18,50
101,1004,2025-08-18,14
101,1005,2025-08-18,32
101,1006,2025-08-18,14
101,1007,2025-08-18,0
101,1008,2025-08-18,10
101,1009,2025-08-18,50
101,1010,2025-08-18,45
102,1001,2025-08-18,0
102,1002,2025-08-18,8
102,1003,2025-08-18,0
102,1004,2025-08-18,3
102,1005,2025-08-18,19
102,1006,2025-08-18,25
102,1007,2025-08-18,2
102,1008,2025-08-18,21
102,1009,2025-08-18,17
102,1010,2025-08-18,0
103,1001,2025-08-18,45
103,1002,2025-08-18,0
103,1003,2025-08-18,50
103,1004,2025-08-18,9
103,1005,2025-08-18,0
103,1006,2025-08-18,18
103,1007,2025-08-18,34
103,1008,2025-08-18,34
103,1009,2025-08-18,32
103,1010,2025-08-18,12
104,1001,2025-08-18,37
104,1002,2025-08-18,4
104,1003,2025-08-18,29
104,1004,2025-08-18,30
104,1005,2025-08-18,0
104,1006,2025-08-18,27
104,1007,2025-08-18,0
104,1008,2025-08-18,27
104,1009,2025-08-18,0
104,1010,2025-08-18,25
105,1001,2025-08-18,20
105,1002,2025-08-18,0
105,1003,2025-08-18,29
105,1004,2025-08-18,47
105,1005,2025-08-18,17
105,1006,2025-08-18,1
105,1007,2025-08-18,38
105,1008,2025-08-18,0
105,1009,2025-08-18,40
105,1010,2025-08-18,39
